{
	"credit": "Made with Blockbench",
	"textures": {
		"0": "./centurion3d_helmet",
		"particle": "./centurion3d_helmet"
	},
	"elements": [
		{
			"name": "Helmet",
			"from": [4, 2, 3],
			"to": [12, 10, 11],
			"rotation": {"angle": 0, "axis": "y", "origin": [7, 6, 7]},
			"faces": {
				"north": {"uv": [4, 4, 8, 8], "texture": "#0"},
				"east": {"uv": [0, 4, 4, 8], "texture": "#0"},
				"south": {"uv": [12, 4, 16, 8], "texture": "#0"},
				"west": {"uv": [8, 4, 12, 8], "texture": "#0"},
				"up": {"uv": [4, 0, 8, 4], "texture": "#0"},
				"down": {"uv": [8, 0, 12, 4], "texture": "#0"}
			}
		},
		{
			"name": "Feather South",
			"from": [7, 6, 11],
			"to": [9, 12, 15],
			"faces": {
				"east": {"uv": [0, 10.5, 2, 13.5], "texture": "#0"},
				"south": {"uv": [7.5, 12, 8.5, 15], "texture": "#0"},
				"west": {"uv": [14, 10.5, 16, 13.5], "texture": "#0"},
				"up": {"uv": [6.5, 13, 7.5, 15], "texture": "#0"},
				"down": {"uv": [11.5, 9, 12.5, 11], "texture": "#0"}
			}
		},
		{
			"name": "Support overhead",
			"from": [7, 10, 6],
			"to": [9, 12, 11],
			"faces": {
				"north": {"uv": [12.5, 10.5, 13.5, 11.5], "texture": "#0"},
				"east": {"uv": [2, 10.5, 4.5, 11.5], "texture": "#0"},
				"south": {"uv": [0, 0, 2, 2], "texture": "#missing"},
				"west": {"uv": [11.5, 10.5, 14, 11.5], "texture": "#0"},
				"up": {"uv": [0, 0, 2, 5], "texture": "#missing"},
				"down": {"uv": [0, 0, 2, 5], "texture": "#missing"}
			}
		},
		{
			"name": "Feather UP",
			"from": [7, 12, 5],
			"to": [9, 14, 14],
			"faces": {
				"north": {"uv": [7.5, 12.5, 8.5, 13.5], "texture": "#0"},
				"east": {"uv": [0.5, 9.5, 5, 10.5], "texture": "#0"},
				"south": {"uv": [7.5, 11.5, 8.5, 12.5], "texture": "#0"},
				"west": {"uv": [11, 9.5, 15.5, 10.5], "texture": "#0"},
				"up": {"uv": [6.5, 10.5, 7.5, 15], "texture": "#0"},
				"down": {"uv": [6.5, 10.5, 7.5, 15], "texture": "#0"}
			}
		},
		{
			"name": "Feather UP",
			"from": [7, 14, 4],
			"to": [9, 15, 13],
			"faces": {
				"north": {"uv": [7.5, 11.5, 8.5, 12], "texture": "#0"},
				"east": {"uv": [1, 9, 5.5, 9.5], "texture": "#0"},
				"south": {"uv": [7.5, 11.5, 8.5, 12], "texture": "#0"},
				"west": {"uv": [10.5, 9, 15, 9.5], "texture": "#0"},
				"up": {"uv": [6.5, 10.5, 7.5, 15], "texture": "#0"},
				"down": {"uv": [6.5, 10.5, 7.5, 15], "texture": "#0"}
			}
		},
		{
			"name": "Feather UP",
			"from": [7, 15, 4],
			"to": [9, 16, 12],
			"faces": {
				"north": {"uv": [7.5, 12, 8.5, 12.5], "texture": "#0"},
				"east": {"uv": [1.5, 8.5, 5.5, 9], "texture": "#0"},
				"south": {"uv": [7.5, 11.5, 8.5, 12], "texture": "#0"},
				"west": {"uv": [10.5, 8.5, 14.5, 9], "texture": "#0"},
				"up": {"uv": [9.5, 9, 10.5, 13], "texture": "#0"},
				"down": {"uv": [6.5, 10.5, 7.5, 15], "texture": "#0"}
			}
		},
		{
			"name": "Feather UP",
			"from": [7, 16, 5],
			"to": [9, 17, 10],
			"faces": {
				"north": {"uv": [7.5, 12, 8.5, 12.5], "texture": "#0"},
				"east": {"uv": [2.5, 8, 5, 8.5], "texture": "#0"},
				"south": {"uv": [7.5, 11.5, 8.5, 12], "texture": "#0"},
				"west": {"uv": [11, 8, 13.5, 8.5], "texture": "#0"},
				"up": {"uv": [7.5, 11, 8.5, 13.5], "texture": "#0"},
				"down": {"uv": [6.5, 10.5, 7.5, 15], "texture": "#0"}
			}
		},
		{
			"name": "East Plate",
			"from": [4, 2, 3],
			"to": [4, 10, 11],
			"faces": {
				"east": {"uv": [8, 4, 12, 8], "texture": "#0"}
			}
		},
		{
			"name": "West Plate",
			"from": [12, 2, 3],
			"to": [12, 10, 11],
			"faces": {
				"west": {"uv": [0, 4, 4, 8], "texture": "#0"}
			}
		},
		{
			"name": "Back Plate",
			"from": [4, 2, 11],
			"to": [12, 10, 11],
			"faces": {
				"north": {"uv": [12, 4, 16, 8], "texture": "#0"}
			}
		}
	],
	"display": {
		"gui": {
			"rotation": [19, -145, 0],
			"translation": [-0.25, -0.25, 0],
			"scale": [0.8, 0.8, 0.8]
		},
		"head": {
			"translation": [0, 4.25, 2.25],
			"scale": [2, 2, 2]
		}
	}
}