{
	"credit": "Made with Blockbench by MinecraftMinun",
	"parent": "block/block",
	"texture_size": [32, 32],
	"textures": {
        "particle": "block/anvil",
        "body": "block/anvil"
    },
	"elements": [
		{
			"name": "Base",
			"from": [2, 0, 2],
			"to": [14, 4, 14],
			"faces": {
				"north": {"uv": [8.5, 6, 14.5, 8], "texture": "#texture"},
				"east": {"uv": [1, 6, 7, 8], "texture": "#texture"},
				"south": {"uv": [8.5, 6, 14.5, 8], "texture": "#texture"},
				"west": {"uv": [1, 6, 7, 8], "texture": "#texture"},
				"up": {"uv": [5.5, 8.5, 11.5, 14.5], "texture": "#texture"},
				"down": {"uv": [5.5, 8.5, 11.5, 14.5], "texture": "#texture", "cullface": "down"}
			}
		},
		{
			"name": "Lower Middle",
			"from": [4, 4, 3],
			"to": [12, 5, 13],
			"faces": {
				"north": {"uv": [9.5, 5.5, 13.5, 6], "texture": "#texture"},
				"east": {"uv": [1.5, 5.5, 6.5, 6], "texture": "#texture"},
				"south": {"uv": [9.5, 5.5, 13.5, 6], "texture": "#texture"},
				"west": {"uv": [1.5, 5.5, 6.5, 6], "texture": "#texture"},
				"up": {"uv": [12, 8.5, 16, 13.5], "rotation": 180, "texture": "#texture"}
			}
		},
		{
			"name": "Upper Middle",
			"from": [6, 5, 4],
			"to": [10, 10, 12],
			"faces": {
				"north": {"uv": [10.5, 3, 12.5, 5.5], "texture": "#texture"},
				"east": {"uv": [2, 3, 6, 5.5], "texture": "#texture"},
				"south": {"uv": [10.5, 3, 12.5, 5.5], "texture": "#texture"},
				"west": {"uv": [2, 3, 6, 5.5], "texture": "#texture"}
			}
		},
		{
			"name": "Top",
			"from": [3, 10, 0],
			"to": [13, 16, 16],
			"faces": {
				"north": {"uv": [9, 0, 14, 3], "texture": "#texture"},
				"east": {"uv": [0, 0, 8, 3], "texture": "#texture"},
				"south": {"uv": [9, 0, 14, 3], "texture": "#texture"},
				"west": {"uv": [0, 0, 8, 3], "texture": "#texture"},
				"up": {"uv": [0, 8, 5, 16], "rotation": 180, "texture": "#texture"},
				"down": {"uv": [0, 8, 5, 16], "rotation": 180, "texture": "#texture"}
			}
        }
    ]
}