{
	"textures": {
		"particle": "#front"
	},
	"elements": [
		{	"from": [0, 0, 13],
			"to": [16, 16, 16],
			"faces": {
				"up":	 { "uv": [	0,	3, 16,	0], "texture": "#sides", "cullface": "up"},
				"down":	 { "uv": [	0,	3, 16,	0], "texture": "#sides", "cullface": "down"},
				"north": { "uv": [  0, 16, 16,	0], "texture": "#front"},
				"south": { "uv": [	0, 16, 16,	0], "texture": "#front", "cullface": "south"},
				"east":	 { "uv": [	0,	3, 16,	0], "rotation": 90, "texture": "#sides", "cullface": "east"},
				"west":	 { "uv": [	0,	3, 16,	0], "rotation": 90, "texture": "#sides", "cullface": "west"}
			}
		}
	]
}